struct,nl,pers,eps,ej_t,acr_t,acp_t,ej_acr,d_real,d_pool,d_real_lo,d_real_hi,d_pool_lo,d_pool_hi,wilcoxon_p,n,degenerate_control
static,low,short,small,0.9714285714285718,0.9714285714285718,0.9642857142857146,0.9964285714285716,0.0,0.00714285714285714,-0.005357142857142822,0.005357142857142822,-0.005357142857142822,0.02142857142857142,0.27203944789573553,20,True
static,low,short,med,0.9714285714285718,0.9714285714285718,0.9642857142857146,0.9964285714285716,0.0,0.00714285714285714,-0.005357142857142822,0.005357142857142822,-0.005357142857142822,0.021428571428571387,0.27203944789573553,20,True
static,low,short,large,0.9392857142857144,0.9428571428571431,0.9321428571428573,0.9964285714285716,-0.0035714285714285475,0.0071428571428571895,-0.008928571428571369,0.0,-0.008928571428571331,0.023214285714285764,0.38893531091236555,20,True
static,low,short,extreme,0.7875000000000002,0.7875000000000002,0.7767857142857146,0.9964285714285716,1.1102230246251566e-17,0.010714285714285721,-0.005357142857142822,0.005357142857142855,-0.0035714285714286086,0.02678571428571431,0.1598855052045215,20,True
static,low,medium,small,0.9714285714285718,0.9714285714285718,0.9642857142857146,0.9964285714285716,0.0,0.00714285714285714,-0.005357142857142822,0.005357142857142822,-0.005357142857142822,0.02147321428571404,0.27203944789573553,20,True
static,low,medium,med,0.9714285714285718,0.9714285714285718,0.9642857142857146,0.9964285714285716,0.0,0.00714285714285714,-0.005357142857142822,0.005357142857142822,-0.0036160714285714012,0.021428571428571408,0.27203944789573553,20,True
static,low,medium,large,0.9392857142857144,0.9428571428571431,0.9321428571428573,0.9964285714285716,-0.0035714285714285475,0.0071428571428571895,-0.008928571428571369,0.0,-0.007142857142857095,0.02321428571428577,0.38893531091236555,20,True
static,low,medium,extreme,0.7875000000000002,0.7875000000000002,0.7767857142857146,0.9964285714285716,1.1102230246251566e-17,0.010714285714285721,-0.00535714285714281,0.005357142857142855,-0.005357142857142838,0.025000000000000033,0.1598855052045215,20,True
static,low,long,small,0.9714285714285718,0.9714285714285718,0.9642857142857146,0.9964285714285716,0.0,0.00714285714285714,-0.005357142857142822,0.005357142857142822,-0.00535714285714281,0.021428571428571398,0.27203944789573553,20,True
static,low,long,med,0.9714285714285718,0.9714285714285718,0.9642857142857146,0.9964285714285716,0.0,0.00714285714285714,-0.005357142857142822,0.005357142857142822,-0.00535714285714281,0.021428571428571408,0.27203944789573553,20,True
static,low,long,large,0.9392857142857144,0.9428571428571431,0.9321428571428573,0.9964285714285716,-0.0035714285714285475,0.0071428571428571895,-0.008928571428571369,0.0,-0.007142857142857095,0.024999999999999994,0.38893531091236555,20,True
static,low,long,extreme,0.7875000000000002,0.7875000000000002,0.7767857142857146,0.9964285714285716,1.1102230246251566e-17,0.010714285714285721,-0.005357142857142822,0.005357142857142855,-0.0035714285714285978,0.02678571428571431,0.1598855052045215,20,True
static,med,short,small,0.955357142857143,0.9464285714285717,0.9053571428571431,0.9910714285714286,0.008928571428571407,0.05,0.0017857142857142737,0.017857142857142842,0.0071428571428571565,0.09821428571428568,0.05000563560015015,20,True
static,med,short,med,0.955357142857143,0.9464285714285717,0.9053571428571431,0.9910714285714286,0.008928571428571407,0.05,0.0017857142857142737,0.01785714285714285,0.0071428571428571565,0.09821428571428573,0.05000563560015015,20,True
static,med,short,large,0.9642857142857146,0.955357142857143,0.923214285714286,0.9910714285714286,0.00892857142857142,0.04107142857142858,0.0017857142857142737,0.017857142857142867,0.003571428571428553,0.08928571428571425,0.07363827012030266,20,True
static,med,short,extreme,0.9232142857142861,0.9250000000000004,0.892857142857143,0.9910714285714286,-0.001785714285714296,0.030357142857142853,-0.008928571428571425,0.0035714285714285475,-0.01785714285714285,0.07499999999999998,0.18485825379822074,20,True
static,med,medium,small,0.955357142857143,0.9464285714285717,0.9053571428571431,0.9910714285714286,0.008928571428571407,0.05,0.0017857142857142737,0.017857142857142877,0.007142857142857206,0.09464285714285714,0.05000563560015015,20,True
static,med,medium,med,0.955357142857143,0.9464285714285717,0.9053571428571431,0.9910714285714286,0.008928571428571407,0.05,0.0017857142857142737,0.017857142857142842,0.010714285714285676,0.09821428571428568,0.05000563560015015,20,True
static,med,medium,large,0.9642857142857146,0.955357142857143,0.923214285714286,0.9910714285714286,0.00892857142857142,0.04107142857142858,0.0017857142857142737,0.01785714285714286,0.0017857142857143128,0.08749999999999997,0.07363827012030266,20,True
static,med,medium,extreme,0.9232142857142861,0.9250000000000004,0.892857142857143,0.9910714285714286,-0.001785714285714296,0.030357142857142853,-0.0071428571428571504,0.0035714285714285475,-0.012544642857142902,0.07499999999999998,0.18485825379822074,20,True
static,med,long,small,0.955357142857143,0.9464285714285717,0.9053571428571431,0.9910714285714286,0.008928571428571407,0.05,0.0017857142857142737,0.017901785714285495,0.007142857142857184,0.09999999999999998,0.05000563560015015,20,True
static,med,long,med,0.955357142857143,0.9464285714285717,0.9053571428571431,0.9910714285714286,0.008928571428571407,0.05,0.0017857142857142737,0.017857142857142842,0.00892857142857143,0.10178571428571426,0.05000563560015015,20,True
static,med,long,large,0.9642857142857146,0.955357142857143,0.923214285714286,0.9910714285714286,0.00892857142857142,0.04107142857142858,0.0017857142857142737,0.017857142857142877,0.0035714285714285635,0.08571428571428574,0.07363827012030266,20,True
static,med,long,extreme,0.9232142857142861,0.9250000000000004,0.892857142857143,0.9910714285714286,-0.001785714285714296,0.030357142857142853,-0.0071428571428571504,0.0035714285714285475,-0.016071428571428552,0.07683035714285692,0.18485825379822074,20,True
static,high,short,small,0.9357142857142863,0.9053571428571431,0.8964285714285717,0.9767857142857146,0.030357142857142888,0.03928571428571426,0.003526785714285728,0.06607142857142859,0.00714285714285714,0.07321428571428569,0.04942075065958087,20,True
static,high,short,med,0.9392857142857147,0.9125000000000002,0.9000000000000004,0.9767857142857146,0.02678571428571431,0.03928571428571425,0.0017857142857143182,0.05535714285714288,0.007142857142857106,0.07499999999999998,0.04942075065958087,20,True
static,high,short,large,0.9535714285714288,0.9446428571428575,0.9303571428571432,0.9767857142857146,0.008928571428571452,0.023214285714285708,-0.005357142857142827,0.02857142857142856,0.0017857142857143071,0.0482142857142857,0.0742147163137559,20,True
static,high,short,extreme,0.9446428571428575,0.9428571428571433,0.9250000000000004,0.9767857142857146,0.0017857142857143238,0.01964285714285714,-0.012499999999999945,0.021428571428571463,-0.0017857142857142297,0.0429017857142855,0.1372537974389985,20,True
static,high,medium,small,0.9357142857142863,0.9053571428571431,0.8964285714285717,0.9767857142857146,0.030357142857142888,0.03928571428571426,0.0017857142857143568,0.06607142857142863,0.008928571428571402,0.07499999999999998,0.04942075065958087,20,True
static,high,medium,med,0.9392857142857147,0.9125000000000002,0.9000000000000004,0.9767857142857146,0.02678571428571431,0.03928571428571425,0.001785714285714329,0.0535714285714286,0.008928571428571402,0.07499999999999996,0.04942075065958087,20,True
static,high,medium,large,0.9535714285714288,0.9446428571428575,0.9303571428571432,0.9767857142857146,0.008928571428571452,0.023214285714285708,-0.007142857142857073,0.02678571428571432,5.537237335317969e-17,0.04825892857142835,0.0742147163137559,20,True
static,high,medium,extreme,0.9446428571428575,0.9428571428571433,0.9250000000000004,0.9767857142857146,0.0017857142857143238,0.01964285714285714,-0.014285714285714212,0.019642857142857163,-2.2343238370581267e-17,0.044642857142857165,0.1372537974389985,20,True
static,high,long,small,0.9357142857142863,0.9053571428571431,0.8964285714285717,0.9767857142857146,0.030357142857142888,0.03928571428571426,0.003571428571428603,0.06611607142857125,0.008928571428571364,0.0767857142857142,0.04942075065958087,20,True
static,high,long,med,0.9392857142857147,0.9125000000000002,0.9000000000000004,0.9767857142857146,0.02678571428571431,0.03928571428571425,0.003571428571428603,0.055401785714285515,0.008928571428571447,0.07678571428571426,0.04942075065958087,20,True
static,high,long,large,0.9535714285714288,0.9446428571428575,0.9303571428571432,0.9767857142857146,0.008928571428571452,0.023214285714285708,-0.0053571428571428156,0.02857142857142858,4.9960036108132046e-17,0.04821428571428566,0.0742147163137559,20,True
static,high,long,extreme,0.9446428571428575,0.9428571428571433,0.9250000000000004,0.9767857142857146,0.0017857142857143238,0.01964285714285714,-0.014285714285714197,0.02142857142857142,-2.2343238370581267e-17,0.042857142857142885,0.1372537974389985,20,True
smooth-drift,low,short,small,0.9714285714285718,0.9714285714285718,0.9785714285714286,0.9964285714285716,0.0,-0.007142857142857106,-0.005357142857142822,0.005357142857142822,-0.023214285714285594,0.008928571428571447,0.3881985564602972,20,True
smooth-drift,low,short,med,0.9714285714285718,0.9714285714285718,0.9785714285714286,0.9964285714285716,0.0,-0.007142857142857106,-0.005357142857142822,0.005357142857142822,-0.02321428571428564,0.010714285714285666,0.3881985564602972,20,True
smooth-drift,low,short,large,0.9392857142857144,0.9428571428571431,0.9214285714285715,0.9964285714285716,-0.0035714285714285475,0.017857142857142905,-0.008928571428571369,0.0,-0.008928571428571319,0.05178571428571427,0.17815479750652485,20,True
smooth-drift,low,short,extreme,0.7875000000000002,0.7875000000000002,0.7571428571428573,0.9964285714285716,1.1102230246251566e-17,0.03035714285714288,-0.005357142857142822,0.005357142857142855,-0.0017857142857142657,0.07500000000000005,0.092977523052535,20,True
smooth-drift,low,medium,small,0.9714285714285718,0.9714285714285718,0.9785714285714286,0.9964285714285716,0.0,-0.007142857142857106,-0.005357142857142822,0.005357142857142822,-0.023214285714285625,0.010714285714285643,0.3881985564602972,20,True
smooth-drift,low,medium,med,0.9714285714285718,0.9714285714285718,0.9785714285714286,0.9964285714285716,0.0,-0.007142857142857106,-0.005357142857142822,0.005357142857142822,-0.02499999999999989,0.010714285714285676,0.3881985564602972,20,True
smooth-drift,low,medium,large,0.9392857142857144,0.9428571428571431,0.9214285714285715,0.9964285714285716,-0.0035714285714285475,0.017857142857142905,-0.008928571428571369,0.0,-0.007142857142857067,0.05178571428571428,0.17815479750652485,20,True
smooth-drift,low,medium,extreme,0.7875000000000002,0.7875000000000002,0.7571428571428573,0.9964285714285716,1.1102230246251566e-17,0.03035714285714288,-0.005357142857142822,0.005357142857142855,-0.0017857142857142835,0.07500000000000002,0.092977523052535,20,True
smooth-drift,low,long,small,0.9714285714285718,0.9714285714285718,0.9785714285714286,0.9964285714285716,0.0,-0.007142857142857106,-0.005357142857142822,0.005357142857142822,-0.02321428571428566,0.010714285714285676,0.3881985564602972,20,True
smooth-drift,low,long,med,0.9714285714285718,0.9714285714285718,0.9785714285714286,0.9964285714285716,0.0,-0.007142857142857106,-0.005357142857142822,0.005357142857142822,-0.02321428571428567,0.010714285714285699,0.3881985564602972,20,True
smooth-drift,low,long,large,0.9392857142857144,0.9428571428571431,0.9214285714285715,0.9964285714285716,-0.0035714285714285475,0.017857142857142905,-0.008928571428571369,0.0,-0.008928571428571296,0.050000000000000024,0.17815479750652485,20,True
smooth-drift,low,long,extreme,0.7875000000000002,0.7875000000000002,0.7571428571428573,0.9964285714285716,1.1102230246251566e-17,0.03035714285714288,-0.005357142857142822,0.005357142857142855,-0.0017857142857143071,0.07678571428571435,0.092977523052535,20,True
smooth-drift,med,short,small,0.955357142857143,0.9464285714285717,0.9696428571428573,0.9910714285714286,0.008928571428571407,-0.01428571428571424,0.0017857142857142737,0.01785714285714285,-0.041071428571428516,0.012500000000000034,0.3581208425163541,20,True
smooth-drift,med,short,med,0.955357142857143,0.9464285714285717,0.9696428571428573,0.9910714285714286,0.008928571428571407,-0.01428571428571424,0.0017857142857142737,0.017857142857142877,-0.041116071428571405,0.012500000000000006,0.3581208425163541,20,True
smooth-drift,med,short,large,0.9642857142857146,0.955357142857143,0.9535714285714288,0.9910714285714286,0.00892857142857142,0.01071428571428571,0.0017857142857142737,0.01785714285714286,-0.025044642857142866,0.057142857142857086,0.6715664317280816,20,True
smooth-drift,med,short,extreme,0.9232142857142861,0.9250000000000004,0.8785714285714288,0.9910714285714286,-0.001785714285714296,0.04464285714285714,-0.0071428571428571504,0.0035714285714285475,0.003526785714285694,0.09107142857142855,0.08354325153658072,20,True
smooth-drift,med,medium,small,0.955357142857143,0.9464285714285717,0.9696428571428573,0.9910714285714286,0.008928571428571407,-0.01428571428571424,0.0017857142857142737,0.01785714285714284,-0.04107142857142852,0.012500000000000011,0.3581208425163541,20,True
smooth-drift,med,medium,med,0.955357142857143,0.9464285714285717,0.9696428571428573,0.9910714285714286,0.008928571428571407,-0.01428571428571424,0.0017857142857142737,0.01785714285714287,-0.039285714285714236,0.010714285714285742,0.3581208425163541,20,True
smooth-drift,med,medium,large,0.9642857142857146,0.955357142857143,0.9535714285714288,0.9910714285714286,0.00892857142857142,0.01071428571428571,0.0017857142857142794,0.017857142857142877,-0.028571428571428553,0.05535714285714281,0.6715664317280816,20,True
smooth-drift,med,medium,extreme,0.9232142857142861,0.9250000000000004,0.8785714285714288,0.9910714285714286,-0.001785714285714296,0.04464285714285714,-0.0071428571428571504,0.00535714285714281,0.00357142857142857,0.09285714285714286,0.08354325153658072,20,True
smooth-drift,med,long,small,0.955357142857143,0.9464285714285717,0.9696428571428573,0.9910714285714286,0.008928571428571407,-0.01428571428571424,0.0017857142857142737,0.017857142857142842,-0.041071428571428495,0.010714285714285727,0.3581208425163541,20,True
smooth-drift,med,long,med,0.955357142857143,0.9464285714285717,0.9696428571428573,0.9910714285714286,0.008928571428571407,-0.01428571428571424,0.0017857142857142737,0.017857142857142842,-0.0410714285714285,0.010714285714285737,0.3581208425163541,20,True
smooth-drift,med,long,large,0.9642857142857146,0.955357142857143,0.9535714285714288,0.9910714285714286,0.00892857142857142,0.01071428571428571,0.0017857142857142737,0.01785714285714287,-0.028571428571428532,0.05540178571428547,0.6715664317280816,20,True
smooth-drift,med,long,extreme,0.9232142857142861,0.9250000000000004,0.8785714285714288,0.9910714285714286,-0.001785714285714296,0.04464285714285714,-0.0071428571428571504,0.0035714285714285475,0.003571428571428603,0.09285714285714283,0.08354325153658072,20,True
smooth-drift,high,short,small,0.9357142857142863,0.9053571428571431,0.9357142857142862,0.9767857142857146,0.030357142857142888,2.7755575615628914e-17,0.0035714285714285752,0.0660714285714286,-0.03754464285714287,0.041071428571428606,0.7528545362773412,20,True
smooth-drift,high,short,med,0.9392857142857147,0.9125000000000002,0.9428571428571431,0.9767857142857146,0.02678571428571431,-0.003571428571428531,0.00357142857142857,0.05535714285714288,-0.04464285714285704,0.04107142857142862,0.6487424562127946,20,True
smooth-drift,high,short,large,0.9535714285714288,0.9446428571428575,0.9250000000000004,0.9767857142857146,0.008928571428571452,0.0285714285714286,-0.0071428571428570845,0.026785714285714322,-0.02321428571428564,0.1,0.5995101785600032,20,True
smooth-drift,high,short,extreme,0.9446428571428575,0.9428571428571433,0.8732142857142859,0.9767857142857146,0.0017857142857143238,0.07142857142857142,-0.014285714285714207,0.021428571428571457,0.019642857142857167,0.13571428571428568,0.022670105982661077,20,True
smooth-drift,high,medium,small,0.9357142857142863,0.9053571428571431,0.9357142857142862,0.9767857142857146,0.030357142857142888,2.7755575615628914e-17,0.0035714285714285865,0.06428571428571431,-0.03928571428571426,0.044642857142857165,0.7528545362773412,20,True
smooth-drift,high,medium,med,0.9392857142857147,0.9125000000000002,0.9428571428571431,0.9767857142857146,0.02678571428571431,-0.003571428571428531,0.003571428571428603,0.05535714285714288,-0.04642857142857137,0.041071428571428585,0.6487424562127946,20,True
smooth-drift,high,medium,large,0.9535714285714288,0.9446428571428575,0.9250000000000004,0.9767857142857146,0.008928571428571452,0.0285714285714286,-0.005357142857142822,0.028571428571428498,-0.023214285714285715,0.09285714285714286,0.5995101785600032,20,True
smooth-drift,high,medium,extreme,0.9446428571428575,0.9428571428571433,0.8732142857142859,0.9767857142857146,0.0017857142857143238,0.07142857142857142,-0.014285714285714207,0.019642857142857177,0.019642857142857163,0.13214285714285715,0.022670105982661077,20,True
smooth-drift,high,long,small,0.9357142857142863,0.9053571428571431,0.9357142857142862,0.9767857142857146,0.030357142857142888,2.7755575615628914e-17,0.003571428571428581,0.06785714285714287,-0.03749999999999997,0.04285714285714285,0.7528545362773412,20,True
smooth-drift,high,long,med,0.9392857142857147,0.9125000000000002,0.9428571428571431,0.9767857142857146,0.02678571428571431,-0.003571428571428531,0.0035714285714285865,0.053571428571428624,-0.044642857142857054,0.04111607142857125,0.6487424562127946,20,True
smooth-drift,high,long,large,0.9535714285714288,0.9446428571428575,0.9250000000000004,0.9767857142857146,0.008928571428571452,0.0285714285714286,-0.0054017857142856915,0.0267857142857143,-0.023214285714285642,0.09464285714285714,0.5995101785600032,20,True
smooth-drift,high,long,extreme,0.9446428571428575,0.9428571428571433,0.8732142857142859,0.9767857142857146,0.0017857142857143238,0.07142857142857142,-0.014285714285714207,0.02142857142857139,0.01785714285714287,0.13392857142857145,0.022670105982661077,20,True
persistent-switch,low,short,small,0.9875,0.9821428571428573,0.9750000000000002,0.9875000000000002,0.005357142857142822,0.012499999999999917,-0.0035714285714285475,0.01428571428571419,-0.0071428571428572285,0.0304017857142854,0.2036371467510687,20,False
persistent-switch,low,short,med,0.9857142857142858,0.980357142857143,0.9732142857142859,0.9875000000000002,0.005357142857142822,0.012499999999999928,-0.0035714285714285475,0.01428571428571419,-0.008928571428571435,0.03214285714285705,0.1962447266045112,20,False
persistent-switch,low,short,large,0.7642857142857145,0.7946428571428574,0.7482142857142858,0.9875000000000002,-0.0303571428571429,0.016071428571428525,-0.05892857142857148,-0.00535714285714291,-0.007142857142857184,0.03928571428571422,0.2930292591867747,20,False
persistent-switch,low,short,extreme,0.630357142857143,0.655357142857143,0.6071428571428573,0.9875000000000002,-0.025000000000000005,0.023214285714285694,-0.05535714285714288,0.001785714285714285,0.005357142857142855,0.04107142857142854,0.035861683775556624,20,False
persistent-switch,low,medium,small,0.9785714285714289,0.9678571428571431,0.9750000000000002,0.9821428571428573,0.010714285714285687,0.0035714285714285475,-0.0017857142857142627,0.024999999999999967,-0.016071428571428577,0.02321428571428564,0.7148884253371676,20,False
persistent-switch,low,medium,med,0.9785714285714289,0.9678571428571431,0.9750000000000002,0.9821428571428573,0.010714285714285687,0.0035714285714285475,-0.0017857142857142629,0.024999999999999932,-0.016116071428571452,0.024999999999999866,0.7148884253371676,20,False
persistent-switch,low,medium,large,0.7607142857142858,0.8,0.7714285714285716,0.9821428571428573,-0.0392857142857143,-0.010714285714285732,-0.06964285714285716,-0.014241071428571674,-0.03928571428571433,0.02142857142857139,0.3778078502964859,20,False
persistent-switch,low,medium,extreme,0.6285714285714286,0.6678571428571429,0.6107142857142859,0.9821428571428573,-0.03928571428571428,0.017857142857142842,-0.07678571428571428,-0.007142857142857126,-0.012500000000000035,0.05,0.2800455764133215,20,False
persistent-switch,low,long,small,0.9821428571428573,0.9375000000000002,0.9607142857142861,0.9589285714285716,0.04464285714285711,0.021428571428571335,0.001785714285714285,0.10357142857142854,-6.661338147750939e-17,0.04464285714285702,0.10376809518115648,20,False
persistent-switch,low,long,med,0.9875000000000002,0.9535714285714288,0.9517857142857146,0.9589285714285716,0.033928571428571384,0.03571428571428562,0.0035714285714285475,0.0785714285714285,0.007142857142857039,0.06785714285714273,0.028327821813946143,20,False
persistent-switch,low,long,large,0.7892857142857143,0.8107142857142856,0.7642857142857146,0.9589285714285716,-0.021428571428571425,0.02499999999999995,-0.05535714285714286,0.01075892857142835,-0.02321428571428578,0.0946428571428571,1.0,20,False
persistent-switch,low,long,extreme,0.6321428571428573,0.6607142857142858,0.6000000000000002,0.9589285714285716,-0.02857142857142858,0.03214285714285715,-0.07142857142857145,0.0107142857142857,-0.014285714285714268,0.09285714285714289,0.23913578185722584,20,False
persistent-switch,med,short,small,0.9428571428571431,0.9267857142857145,0.9232142857142858,0.9767857142857146,0.01607142857142857,0.01964285714285714,0.0017857142857142959,0.03214285714285716,-0.03214285714285714,0.06428571428571425,0.2880812852332325,20,False
persistent-switch,med,short,med,0.9446428571428575,0.9303571428571431,0.9285714285714288,0.9767857142857146,0.01428571428571428,0.01607142857142856,0.0017410714285714095,0.030357142857142815,-0.03392857142857142,0.06249999999999998,0.4369687746411941,20,False
persistent-switch,med,short,large,0.9392857142857146,0.9375000000000003,0.9089285714285718,0.9767857142857146,0.001785714285714285,0.030357142857142867,-0.010758928571428612,0.014285714285714323,-0.005357142857142805,0.06785714285714281,0.11773538931186558,20,False
persistent-switch,med,short,extreme,0.7750000000000001,0.7821428571428573,0.735714285714286,0.9767857142857146,-0.007142857142857143,0.0392857142857143,-0.026785714285714284,0.008928571428571456,0.001785714285714307,0.08214285714285711,0.10622653502728213,20,False
persistent-switch,med,medium,small,0.9392857142857144,0.898214285714286,0.8982142857142861,0.9607142857142857,0.04107142857142855,0.04107142857142852,0.01964285714285711,0.06607142857142859,0.005357142857142794,0.07857142857142856,0.051416028905737474,20,False
persistent-switch,med,medium,med,0.9410714285714288,0.9000000000000001,0.9000000000000004,0.9607142857142857,0.04107142857142853,0.04107142857142853,0.01785714285714285,0.06611607142857118,0.0035714285714285253,0.07857142857142849,0.04102695499149435,20,False
persistent-switch,med,medium,large,0.9535714285714288,0.9196428571428574,0.8964285714285717,0.9607142857142857,0.03392857142857143,0.05714285714285714,0.014285714285714296,0.05714285714285714,0.021428571428571387,0.09464285714285714,0.01447736109825423,20,False
persistent-switch,med,medium,extreme,0.7767857142857143,0.7714285714285716,0.7214285714285718,0.9607142857142857,0.005357142857142847,0.05535714285714284,-0.01785714285714288,0.026785714285714267,0.0053571428571428355,0.10892857142857144,0.08302409303879844,20,False
persistent-switch,med,long,small,0.9446428571428573,0.8785714285714288,0.8839285714285717,0.9285714285714286,0.06607142857142853,0.06071428571428572,0.012499999999999938,0.13214285714285712,0.03392857142857138,0.09107142857142851,0.0013286705541466486,20,False
persistent-switch,med,long,med,0.9446428571428575,0.8785714285714292,0.8875000000000004,0.9285714285714286,0.06607142857142854,0.05714285714285712,0.012499999999999966,0.13392857142857137,0.030357142857142822,0.08571428571428572,0.0013040660952382288,20,False
persistent-switch,med,long,large,0.9321428571428575,0.9160714285714289,0.8571428571428573,0.9285714285714286,0.01607142857142858,0.07500000000000002,-0.026785714285714284,0.05892857142857142,0.04281249999999998,0.10892857142857146,0.0006143446624756308,20,False
persistent-switch,med,long,extreme,0.7767857142857144,0.8267857142857145,0.705357142857143,0.9285714285714286,-0.049999999999999996,0.07142857142857144,-0.11075892857142866,-0.0035714285714285613,0.02674107142857142,0.11785714285714285,0.014617639542504019,20,False
persistent-switch,high,short,small,0.9732142857142859,0.9196428571428574,0.8910714285714288,0.941071428571429,0.05357142857142851,0.0821428571428571,0.02678571428571421,0.08392857142857142,0.04999999999999995,0.11428571428571424,0.0007112654635179708,20,False
persistent-switch,high,short,med,0.9750000000000002,0.9214285714285717,0.892857142857143,0.941071428571429,0.05357142857142851,0.08214285714285707,0.028571428571428477,0.0821428571428571,0.049999999999999975,0.11428571428571424,0.0007688820245565352,20,False
persistent-switch,high,short,large,0.9446428571428573,0.9089285714285719,0.8910714285714288,0.941071428571429,0.03571428571428563,0.05357142857142851,0.01607142857142847,0.05714285714285709,0.02316964285714275,0.08571428571428563,0.009707114913264668,20,False
persistent-switch,high,short,extreme,0.8035714285714288,0.7892857142857144,0.7357142857142859,0.941071428571429,0.01428571428571429,0.06785714285714287,-0.010714285714285699,0.04285714285714288,0.014285714285714273,0.12857142857142861,0.03614825604725166,20,False
persistent-switch,high,medium,small,0.9678571428571431,0.898214285714286,0.8750000000000003,0.9125000000000003,0.06964285714285709,0.09285714285714282,0.03571428571428565,0.11249999999999998,0.05535714285714279,0.13749999999999996,0.0004474601105035252,20,False
persistent-switch,high,medium,med,0.9678571428571431,0.8982142857142861,0.8678571428571431,0.9125000000000003,0.06964285714285709,0.09999999999999998,0.032142857142857126,0.11071428571428565,0.0589285714285714,0.14464285714285707,0.0004101773466900822,20,False
persistent-switch,high,medium,large,0.9428571428571431,0.8767857142857146,0.8500000000000003,0.9125000000000003,0.06607142857142859,0.09285714285714289,0.024999999999999977,0.11433035714285697,0.0428571428571429,0.1464285714285715,0.0005693879993073929,20,False
persistent-switch,high,medium,extreme,0.8500000000000002,0.8053571428571429,0.7625000000000001,0.9125000000000003,0.04464285714285714,0.08750000000000001,0.010714285714285714,0.08392857142857144,0.035714285714285726,0.1392857142857143,0.002277617487945176,20,False
persistent-switch,high,long,small,0.9767857142857144,0.8750000000000002,0.8535714285714286,0.8928571428571429,0.10178571428571428,0.12321428571428569,0.05535714285714281,0.1625,0.0839285714285714,0.1660714285714286,0.00019302286813915962,20,False
persistent-switch,high,long,med,0.9767857142857144,0.8750000000000002,0.8535714285714286,0.8928571428571429,0.10178571428571428,0.12321428571428569,0.05535714285714279,0.15714285714285717,0.0839285714285714,0.16611607142857127,0.00019302286813915962,20,False
persistent-switch,high,long,large,0.9446428571428573,0.8678571428571429,0.8410714285714287,0.8928571428571429,0.07678571428571428,0.10357142857142854,0.023214285714285715,0.14285714285714285,0.051785714285714324,0.15357142857142855,0.003322636917343484,20,False
persistent-switch,high,long,extreme,0.8321428571428573,0.8089285714285716,0.7250000000000001,0.8928571428571429,0.02321428571428574,0.10714285714285716,-0.030357142857142822,0.07500000000000002,0.04821428571428575,0.16964285714285715,0.004497866597920755,20,False
sign-flip-switch,low,short,small,0.9767857142857146,0.6678571428571429,0.6607142857142858,0.6982142857142859,0.3089285714285715,0.3160714285714286,0.20357142857142865,0.42321428571428577,0.2071428571428572,0.4286160714285713,0.00022965868177333754,20,False
sign-flip-switch,low,short,med,0.9767857142857146,0.6678571428571429,0.6607142857142858,0.6982142857142859,0.3089285714285715,0.3160714285714286,0.20178571428571432,0.41611607142857127,0.2088839285714286,0.42857142857142855,0.00022965868177333754,20,False
sign-flip-switch,low,short,large,0.8928571428571429,0.8857142857142859,0.8732142857142857,0.6982142857142859,0.007142857142857134,0.01964285714285714,-0.05897321428571433,0.06785714285714291,-0.042857142857142844,0.07678571428571426,0.46021109814474837,20,False
sign-flip-switch,low,short,extreme,0.760714285714286,0.9642857142857146,0.9375000000000002,0.6982142857142859,-0.2035714285714286,-0.17678571428571432,-0.3143303571428571,-0.10000000000000005,-0.29999999999999993,-0.06428571428571427,0.008651541533947532,20,False
sign-flip-switch,low,medium,small,0.955357142857143,0.6535714285714287,0.6303571428571428,0.7214285714285715,0.3017857142857143,0.32500000000000007,0.2017857142857143,0.4071428571428572,0.21781250000000005,0.4357142857142858,0.00019540793740897315,20,False
sign-flip-switch,low,medium,med,0.9589285714285717,0.6589285714285715,0.6357142857142857,0.7214285714285715,0.3000000000000001,0.32321428571428584,0.20714285714285713,0.40535714285714286,0.21785714285714292,0.430357142857143,0.00019540793740897315,20,False
sign-flip-switch,low,medium,large,0.9267857142857145,0.8000000000000004,0.7803571428571432,0.7214285714285715,0.12678571428571428,0.1464285714285714,0.06607142857142853,0.19821428571428573,0.08214285714285716,0.2178571428571429,0.0005969982484273329,20,False
sign-flip-switch,low,medium,extreme,0.7857142857142858,0.9267857142857144,0.9303571428571431,0.7214285714285715,-0.14107142857142857,-0.14464285714285716,-0.2625446428571429,-0.03750000000000002,-0.26428571428571435,-0.03571428571428577,0.025769774809161667,20,False
sign-flip-switch,low,long,small,0.9535714285714292,0.798214285714286,0.6160714285714286,0.855357142857143,0.15535714285714292,0.3375000000000001,0.062455357142857146,0.2678571428571429,0.23035714285714293,0.4553571428571429,0.00019404239881640168,20,False
sign-flip-switch,low,long,med,0.9535714285714292,0.798214285714286,0.6160714285714286,0.855357142857143,0.15535714285714292,0.3375000000000001,0.06428571428571431,0.26968749999999986,0.2285714285714287,0.4517857142857144,0.00019404239881640168,20,False
sign-flip-switch,low,long,large,0.9357142857142862,0.8625000000000002,0.730357142857143,0.855357142857143,0.07321428571428579,0.20535714285714288,0.016071428571428632,0.15004464285714272,0.12857142857142861,0.28750000000000014,0.0004339135941093194,20,False
sign-flip-switch,low,long,extreme,0.7750000000000001,0.8857142857142859,0.9035714285714288,0.855357142857143,-0.11071428571428572,-0.12857142857142861,-0.20183035714285716,-0.030312500000000256,-0.25004464285714295,-0.02678571428571431,0.04278404536403092,20,False
sign-flip-switch,med,short,small,0.9446428571428575,0.6142857142857142,0.47857142857142865,0.7071428571428574,0.33035714285714285,0.46607142857142864,0.23571428571428577,0.4375446428571426,0.3214285714285715,0.6214285714285714,1.9073486328125e-06,20,False
sign-flip-switch,med,short,med,0.9464285714285717,0.6178571428571428,0.4821428571428573,0.7071428571428574,0.32857142857142857,0.4642857142857143,0.2375,0.43397321428571406,0.32500000000000007,0.6178571428571428,1.9073486328125e-06,20,False
sign-flip-switch,med,short,large,0.9553571428571432,0.6660714285714285,0.5321428571428573,0.7071428571428574,0.28928571428571426,0.42321428571428577,0.20535714285714285,0.3803571428571429,0.2803571428571429,0.5732589285714285,8.844915021211901e-05,20,False
sign-flip-switch,med,short,extreme,0.8910714285714286,0.8089285714285717,0.7089285714285717,0.7071428571428574,0.08214285714285711,0.18214285714285716,0.01249999999999996,0.15535714285714283,0.1142410714285714,0.25535714285714284,0.00012765501358558444,20,False
sign-flip-switch,med,medium,small,0.9410714285714287,0.675,0.4589285714285715,0.7696428571428574,0.2660714285714285,0.4821428571428572,0.1821428571428571,0.3571428571428571,0.3375,0.6375000000000001,8.844915021211901e-05,20,False
sign-flip-switch,med,medium,med,0.9410714285714287,0.675,0.4589285714285715,0.7696428571428574,0.2660714285714285,0.4821428571428572,0.18566964285714282,0.35000000000000003,0.33924107142857135,0.639330357142857,8.844915021211901e-05,20,False
sign-flip-switch,med,medium,large,0.9589285714285717,0.7107142857142857,0.49821428571428583,0.7696428571428574,0.24821428571428567,0.46071428571428574,0.1714285714285714,0.3410714285714286,0.31245535714285705,0.6286160714285712,8.807368035275503e-05,20,False
sign-flip-switch,med,medium,extreme,0.9339285714285717,0.8178571428571431,0.6357142857142859,0.7696428571428574,0.11607142857142852,0.29821428571428577,0.0678571428571428,0.16075892857142832,0.19642857142857145,0.40892857142857153,8.819870204194453e-05,20,False
sign-flip-switch,med,long,small,0.9482142857142859,0.7250000000000003,0.45535714285714296,0.8142857142857146,0.22321428571428573,0.492857142857143,0.14464285714285713,0.3160714285714286,0.3357142857142858,0.6536160714285713,8.819870204194453e-05,20,False
sign-flip-switch,med,long,med,0.9500000000000002,0.7267857142857146,0.46071428571428585,0.8142857142857146,0.22321428571428573,0.48928571428571443,0.1428571428571428,0.3142857142857143,0.3285714285714286,0.6553571428571429,8.819870204194453e-05,20,False
sign-flip-switch,med,long,large,0.9625000000000001,0.7464285714285717,0.4857142857142859,0.8142857142857146,0.21607142857142853,0.4767857142857143,0.13749999999999993,0.31607142857142845,0.3196428571428572,0.65,8.819870204194453e-05,20,False
sign-flip-switch,med,long,extreme,0.955357142857143,0.778571428571429,0.5625000000000001,0.8142857142857146,0.17678571428571424,0.39285714285714285,0.12321428571428565,0.23392857142857135,0.2695982142857143,0.5232142857142856,0.0001314204445389205,20,False
sign-flip-switch,high,short,small,0.9214285714285715,0.5714285714285715,0.3375,0.7160714285714287,0.35,0.5839285714285716,0.23928571428571427,0.47147321428571404,0.40357142857142864,0.7660714285714285,0.0001318338889828333,20,False
sign-flip-switch,high,short,med,0.9214285714285715,0.5714285714285715,0.3375,0.7160714285714287,0.35,0.5839285714285716,0.23928571428571427,0.4714285714285714,0.4071428571428573,0.7679017857142856,0.0001318338889828333,20,False
sign-flip-switch,high,short,large,0.9285714285714288,0.6071428571428571,0.3839285714285715,0.7160714285714287,0.32142857142857145,0.5446428571428573,0.2178571428571429,0.44107142857142867,0.3785267857142857,0.7339285714285715,0.0001114228654633665,20,False
sign-flip-switch,high,short,extreme,0.9303571428571434,0.6892857142857144,0.49107142857142866,0.7160714285714287,0.24107142857142855,0.43928571428571433,0.14285714285714293,0.35357142857142865,0.2875000000000002,0.6125,0.0001292241054056632,20,False
sign-flip-switch,high,medium,small,0.9089285714285718,0.6107142857142858,0.31428571428571433,0.7517857142857146,0.29821428571428565,0.5946428571428573,0.20892857142857144,0.38750000000000007,0.4160267857142857,0.7875000000000002,0.0001318338889828333,20,False
sign-flip-switch,high,medium,med,0.9089285714285718,0.6107142857142858,0.31428571428571433,0.7517857142857146,0.29821428571428565,0.5946428571428573,0.20535714285714288,0.3910714285714286,0.4160267857142858,0.7875446428571427,0.0001318338889828333,20,False
sign-flip-switch,high,medium,large,0.9285714285714288,0.6482142857142857,0.35535714285714287,0.7517857142857146,0.28035714285714286,0.5732142857142859,0.1928571428571428,0.3732142857142858,0.39642857142857146,0.7857589285714284,0.00013162704518922692,20,False
sign-flip-switch,high,medium,extreme,0.9285714285714288,0.7089285714285714,0.42857142857142866,0.7517857142857146,0.2196428571428572,0.5000000000000001,0.13392857142857145,0.3142857142857142,0.3320982142857143,0.6821428571428572,0.00013121408685711018,20,False
sign-flip-switch,high,long,small,0.9250000000000004,0.7500000000000002,0.3464285714285714,0.8642857142857145,0.175,0.5785714285714285,0.11428571428571421,0.2535714285714286,0.39642857142857146,0.7714285714285715,0.0001314204445389205,20,False
sign-flip-switch,high,long,med,0.916071428571429,0.7410714285714286,0.33571428571428574,0.8642857142857145,0.175,0.5803571428571429,0.11071428571428572,0.251830357142857,0.3910267857142858,0.7785714285714287,0.0001314204445389205,20,False
sign-flip-switch,high,long,large,0.9410714285714288,0.7875000000000001,0.39642857142857146,0.8642857142857145,0.15357142857142853,0.5446428571428571,0.08392857142857132,0.23749999999999996,0.35178571428571437,0.7482142857142857,0.0001318338889828333,20,False
sign-flip-switch,high,long,extreme,0.9375000000000006,0.8071428571428573,0.43392857142857144,0.8642857142857145,0.13035714285714284,0.5035714285714286,0.058883928571428476,0.2160714285714286,0.3303125,0.6982589285714285,0.0001202578206387046,20,False
